{"Twitter_Blue_Tick": [0.42537160962820053, 0.605674497783184, 0.17639318481087685, 0.33471550792455673, -0.1575140878558159, -1.16885244846344, 0.008790954947471619, 0.8790808618068695, 0.02641228213906288, -0.20695119351148605, -0.17938179895281792, 0.6997359991073608, -0.7578119039535522, 0.5304267704486847, 0.6660884916782379, -0.6726835295557976, 0.4599702339619398, -0.2976306974887848, 0.08882757648825645, -0.4836786985397339, 0.3926582175772637, -0.9639053344726562, 0.9911741688847542, -0.04763340871431865, -0.27087095379829407, 0.29700467735528946, -0.01367911696434021, -1.0230327993631363, 0.10448065400123596, -0.332239031791687, 1.0301556289196014, -0.26005513221025467, 0.04990494251251221, 0.10275186225771904, 0.19216442108154297, -0.7485091388225555, 0.30532700568437576, 0.10668191313743591, -0.10546503216028214, -0.6777889728546143, 0.33345047663897276, 0.12753208726644516, 0.30013130232691765, -0.30269617959856987, 0.18699517846107483, -0.6138280928134918, -0.7778205871582031, 1.347069039940834, -0.08882151544094086, -0.03404362499713898, -0.7424706220626831, -1.1564364433288574, -0.8730645775794983, -0.377788994461298, -0.24644222110509872, 0.6923924535512924, 0.6838396191596985, -0.21329760551452637, 0.1141013652086258, -0.13138357549905777, 0.5132345370948315, 0.20996269211173058, 0.21288178861141205, 0.41509921103715897, -0.8246571123600006, 0.25462400913238525, 1.4835460186004639, -0.5317399054765701, -0.4929438130930066, -0.17977110110223293, -0.768419474363327, -0.18422600231133401, 0.7459001541137695, 0.0376506969332695, -0.2687535881996155, 0.32545533776283264, 0.03502819687128067, 0.2853770926594734, -0.5794441998004913, -0.22321945801377296, 0.0899943858385086, 0.593288004398346, 0.43543048202991486, -0.3154885321855545, 0.7460088580846786, 0.13565924763679504, -0.31418760120868683, 0.7150128334760666, 0.09971193969249725, -0.12198242312297225, -0.1609603464603424, 0.5868871361017227, -0.16919457400217652, 0.3133138045668602, 1.075743407011032, 0.27483759075403214, 0.8512694835662842, -0.3413849547505379, -0.483733206987381, -0.0773485004901886], "Russia_Ukrain_War": [0.020386315300129354, -0.34140821045730263, 0.09016013567452319, -0.2376033621840179, -0.20236893719993532, -0.38782396353781223, -0.09926543477922678, 0.5387323498725891, 0.2397849903209135, -0.03117088321596384, -0.28352582454681396, -0.6761367414146662, 0.18751334690023214, 0.03376350412145257, -0.40996910887770355, -0.09624144015833735, -0.22579147526994348, -0.5174989067018032, 0.2540396205149591, -0.4053060095757246, -0.12111926916986704, 0.10282093659043312, 0.009214689955115318, 0.001876572088804096, -0.014045575895579532, 0.09585326071828604, -0.14924157597124577, 0.06984987220494077, -0.38898563757538795, -0.2518460238352418, 0.3852770570665598, 0.43822481390088797, 0.4032007958739996, 0.1516887048346689, -0.33094717375934124, 0.11106869025388733, -0.12276689615100622, -0.962375495582819, -0.4451449802145362, -0.641972903162241, 0.1751720537431538, -0.15474028862081468, -0.1298277648165822, -0.12309762183576822, -0.08603287150617689, -0.0879790335893631, -0.36110538989305496, -0.026005009014625102, 0.2344761691056192, 0.09747410751879215, 0.018253779038786888, -0.17845418583601713, 0.20915059186518192, 0.08727548026945442, -0.10208818316459656, -0.2189919981174171, 0.3827474173158407, -0.09960898605640978, 0.033156419172883034, 0.20268414833117276, 0.2416039425879717, 0.023162516416050494, -0.4388459324836731, -0.3324796240995056, -1.0811428502202034, -0.21665011625736952, -0.4051071321591735, 0.315799901552964, -0.006653387565165758, 0.5836046859622002, -0.2107307631522417, 0.09498423850163817, 0.024110915139317513, 0.05027617560699582, 0.3352882033213973, 0.1763664400205016, 0.4754762053489685, -0.15707442606799304, -0.20421547442674637, 0.2636246590409428, -0.10891914810054004, 0.35211787931621075, -0.4948179505299777, 0.3954929728060961, -0.4784669568762183, -0.2040238007903099, -0.2707209517247975, -0.39973693061619997, -0.3245051708072424, -0.07548597548156977, 0.32514129392802715, 0.2608817536383867, -0.6404202152043581, 0.4867664787452668, 0.5899021923542023, 0.7810203917324543, 0.19224397046491504, -0.5999784432351589, 0.4155294243246317, 0.4337543183937669], "Climate_Change": [-0.052573592867702246, 0.37655544630251825, 0.26442476149116245, -0.0259941430496318, -0.19243937517915452, -0.7599369042686054, -0.1589297835848161, 0.4279112677489008, -0.023697021550365856, -0.005959492442863328, -0.1827423663011619, -0.4575300025088446, -0.3623142691462168, 0.21566320902534894, 0.3067425276551928, -0.027977384626865387, -0.2541177589446306, 0.09615265152284078, -0.006783772210058357, -0.5477147762264524, 0.3737673621092524, -0.19078254087695054, 0.6939967208142791, 0.1064168353165899, -0.5212313743042094, 0.07234480790793896, 0.12262136169842311, 0.021597513662917272, -0.34176413289138247, 0.35726772282006486, 0.476894916168281, 0.2001855288233076, -0.006127063384545701, 0.1149032125249505, -0.37563780169667943, 0.08150132133492402, -0.2966190225311688, 0.04901237466505596, -0.5181519000657967, -0.427866986819676, 0.20832707626479013, -0.1614361326542816, 0.2851917917973229, 0.06254372027303491, 0.337591501218932, -0.23035065244351113, -0.37255824729800224, 0.27843284074749264, 0.09347741039735931, -0.3380577340722084, -0.06250955270869392, -0.4486395881644317, -0.3302922658622265, -0.5132078634841102, 0.018634088337421417, 0.39167389646172523, 0.3897754651095186, -0.25146466763024883, -0.44333904662302565, -0.22434133573967432, -0.009811410680413246, 0.41249110123940874, 0.032546186819672585, 0.22320997236030443, -0.563992400254522, 0.22405157291463443, 0.17352076140897615, -0.038490290354405134, -0.0645942251597132, -0.04047735780477524, -0.25989297138793127, -0.33512900916061233, -0.03428245548691068, -0.17393545167786734, -0.09089507548404592, 0.2797747775912285, -0.08145417339567627, 0.0938339192154152, -0.18544328478830202, 0.3493341622608049, -0.15517111448571086, -0.062204182048195174, 0.1372092967586858, 0.3071847980442856, 0.34948442517114536, -0.22356760545101548, -0.07946196384727955, 0.6563312620190638, 0.42916994488665033, 0.04105161143732922, -0.1880277693271637, 0.1517251692712307, -0.1423014985131366, -0.2669598784829889, 0.3551584218761751, 0.06704122147389821, 0.0687778207606503, -0.16969809468303407, -0.338649595156312, -0.11365965940058231],